{
  "users": [
    {
      "id": "915d",
      "name": "abc",
      "email": "abc@gmail.com",
      "password": "abc123"
    },
    {
      "id": "c2db",
      "name": "def",
      "email": "ac@gmail.com",
      "password": "ac123"
    },
    {
      "id": "9ac3",
      "email": "fe",
      "password": "ef",
      "name": "def"
    },
    {
      "id": "57a2",
      "email": "da",
      "password": "da",
      "name": "da"
    },
    {
      "id": "eb99",
      "name": "def",
      "email": "ac@gmail.com",
      "password": "ac123"
    }
  ],
  "restaurant": [
    {
      "name": "w",
      "address": "cxz",
      "contact": "sxn",
      "id": "f78f"
    }
  ]
}